customer_id,customer_name,address,city,email,phone_number
1,Shlok Rajagopal,"H.No. 36
Boase Road, Siwan 552520",Mumbai,tgopal@gmail.com,910056422150.00
2,Priyansh Bhattacharyya,"H.No. 90, Balay Nagar
Danapur 271287",Delhi,zsehgal@gmail.com,9101044637.00
3,Himmat Ramesh,"73
Thaman Ganj
Jamnagar-040415",Mumbai,pranaydhar@badal.com,917424163988.00
4,Samiha Subramaniam,"238
Mander, Nagaon-126157",Ahmedabad,nirvi90@hotmail.com,9093460188.00
5,Miraan Bhatt,"05/55
Sandhu Road, Mahbubnagar 248594",Kolkata,neysa32@varghese.com,1569905742.00
6,Miraan Ramesh,"73/12
Tiwari
Coimbatore-243921",Bengaluru,kabir00@yahoo.com,3169632515.00
7,Yuvraj  Sarna,"90/24
Kapoor Marg, Bokaro-032535",Chennai,adah89@bera.info,911076405288.00
8,Divyansh Shetty,"H.No. 01
Bose Circle
Jodhpur 009044",Surat,sbaria@tata.biz,911773464433.00
9,Vanya Bath,"31, Doctor Circle
Raebareli-550106",Pune,ogarg@balakrishnan.info,1255464781.00
10,Hridaan Kapur,"366
Toor Nagar, Dhule 922235",Bengaluru,akarshbanerjee@suresh.biz,9471976879.00
11,Ayesha Dash,"70/72
Chawla Nagar
Rewa 247206",Kolkata,ikar@mani-goyal.info,911164976803.00
12,Hunar Anand,"26, Korpal Road, Kavali 431822",Chennai,jayanyadav@yahoo.com,3430553091.00
13,Neysa Khalsa,"H.No. 39, Reddy Nagar
Surendranagar Dudhrej-658478",Surat,mohanlaldasgupta@yahoo.com,6362937377.00
14,Tara Maharaj,"126
Chana Street
Pondicherry 154962",Ahmedabad,dhawanriya@ray.biz,856769070.00
15,Drishya Taneja,"H.No. 61
Thaman Zila
Muzaffarnagar-566904",Surat,asood@gmail.com,3379531625.00
16,Hazel Sibal,"86/46
Chaudhry Path, Asansol-759145",Chennai,dharmajanbajwa@yahoo.com,914544998523.00
17,Dharmajan Chawla,"20
Rege Street
Gwalior-156441",Jaipur,ayesha56@yahoo.com,910152558766.00
18,Shayak Ghosh,"678
Atwal Path
Bareilly 658877",Surat,keyadeo@gmail.com,2634879663.00
19,Purab Ghose,"H.No. 583
Ramanathan, Sambhal-813179",Kolkata,yuvraj-rajagopal@yadav-subramanian.com,917752148548.00
20,Gokul Singhal,"027
Korpal Nagar
Unnao-068715",Hyderabad,keyabajaj@dhar.biz,314720123.00
21,Indranil Sharma,"252
Manne
Medininagar 445115",Jaipur,priyansh93@gmail.com,912288170180.00
22,Aaina Dave,"62/709
Bir Nagar, Erode 147542",Mumbai,pihu44@yahoo.com,4412544930.00
23,Taran Jhaveri,"58/65
Goyal Path, Dehradun-542050",Surat,saanviravel@chaudhuri.info,1202851564.00
24,Priyansh Taneja,"379
Baria Path
Muzaffarpur 571664",Chennai,madhup16@hotmail.com,5259205903.00
25,Nehmat Choudhry,"14/41, Bandi Ganj
Ramagundam 772871",Pune,rohan17@shere.org,3838569181.00
26,Taimur Venkataraman,"H.No. 865
Rau Zila
Jaipur 754937",Kolkata,gchadha@hotmail.com,2348263357.00
27,Shray Seshadri,"31/68, Kaul Ganj
Dharmavaram 555789",Jaipur,eshani00@dutt.com,918149095233.00
28,Vardaniya Divan,"82/954
Wali Ganj, Jalna-019174",Surat,ygandhi@hotmail.com,3687152205.00
29,Anvi Sharaf,"H.No. 63, Chakraborty
Bhilai-896087",Mumbai,tkonda@bir-subramanian.com,4551055195.00
30,Prerak Kala,"H.No. 27, Kara Chowk, Khandwa 708750",Mumbai,fatehsampath@yadav.com,2395655739.00
31,Hunar Lall,"501, Kapoor Path
Ratlam-201703",Mumbai,ramachandranvaibhav@yahoo.com,917058923336.00
32,Vidur Sankar,"42/841, Vig Chowk, Ambala 728949",Delhi,ryan49@yahoo.com,8864343487.00
33,Aniruddh Atwal,"51, Mallick
Shimoga 014669",Bengaluru,laganvora@gmail.com,1800318875.00
34,Gokul Bir,"H.No. 58
Datta Street, Bhavnagar 084569",Mumbai,ugour@gmail.com,2516435446.00
35,Dhanuk Amble,"71, Kothari Chowk
Varanasi-376208",Delhi,uvarkey@hotmail.com,8674151172.00
36,Lakshit Keer,"56
Shenoy, Ahmedabad 962621",Ahmedabad,anyabhasin@sarma-dalal.biz,5367742922.00
37,Keya Gokhale,"88/79
Sant, Nadiad 665863",Jaipur,yogianahi@sabharwal.info,7130351335.00
38,Bhamini Bera,"01, Banik Marg, Katni-314842",Ahmedabad,bobalindrajit@hotmail.com,2652191662.00
39,Kaira Ganesan,"85/582, Zacharia Circle
Pali 496956",Kolkata,prerakuppal@dyal.org,911671119.00
40,Khushi Ghose,"91
Dave Street
Thane-438605",Surat,goswamivaibhav@brahmbhatt.com,918747555077.00
41,Anya Luthra,"25/76, Tank Zila, Bhopal 743498",Kolkata,lakshay43@hotmail.com,4555138193.00
42,Zara Jaggi,"H.No. 733, Kala, Karawal Nagar 494503",Surat,gadenitara@sha.com,913717330594.00
43,Indrans Maharaj,"023
Deep Street, Dhule 679574",Ahmedabad,banikfaiyaz@hotmail.com,7346726227.00
44,Mehul Gole,"H.No. 777
Dar Chowk
Bhopal-783677",Mumbai,ihayre@hotmail.com,3106160650.00
45,Vivaan Sood,"19/948, Dhillon Marg, Haldia 801419",Pune,shalvhari@hotmail.com,911838639562.00
46,Ryan Khatri,"47/745
Agarwal, Proddatur-466644",Mumbai,ysani@yahoo.com,910709277433.00
47,Dhanuk Tandon,"91
Dar Circle
Bhalswa Jahangir Pur-106796",Kolkata,veer04@hotmail.com,2542540400.00
48,Madhup Khalsa,"49
Dhawan Marg
Ramgarh-304288",Pune,bbassi@gmail.com,2060169111.00
49,Ojas Comar,"23/78, Edwin Path, Bijapur 559218",Kolkata,fde@yahoo.com,5927613615.00
50,Baiju Bhagat,"H.No. 00, Thakur Path
Bathinda 861277",Ahmedabad,umander@hotmail.com,9397422628.00
51,Divyansh Kakar,"H.No. 60, Dyal Ganj
Kulti-699159",Delhi,ritviksen@verma.biz,716092568.00
52,Farhan Buch,"47/81, Bhatti Circle
Tezpur 472125",Kolkata,wbedi@yahoo.com,911005735732.00
53,Raunak Thaman,"94/03, Raja Circle, Bettiah-717400",Delhi,rmand@kata.com,9219980507.00
54,Aarav Walla,"66/513
Das Zila, Nandyal-340938",Kolkata,dinrati@hotmail.com,1419060742.00
55,Anahi Kale,"H.No. 232, Bera Ganj, Sri Ganganagar-406203",Pune,sinhanitara@dalal.com,7996676261.00
56,Piya Bakshi,"H.No. 569, Bawa Marg
Mumbai-533482",Mumbai,shlok93@chaudhary.com,2392062502.00
57,Shalv Tata,"H.No. 982, Ranganathan Chowk
Mau-471371",Surat,gatikborde@bhattacharyya.com,2853578769.00
58,Ryan Sundaram,"H.No. 00
Thaker Path, Nagaon-492259",Delhi,suramanjari@gandhi.com,6051697543.00
59,Sana Venkatesh,"983, Sastry, Anantapur-275934",Pune,divyansharya@saraf.biz,5036900792.00
60,Rasha Devan,"84, Sachdev Chowk
Ajmer 334464",Hyderabad,vedikabava@yahoo.com,910767138832.00
61,Darshit Hayre,"H.No. 859
Dugal Marg, Bidar 891927",Jaipur,benamira@gmail.com,924487596.00
62,Onkar Ahuja,"95/944
Chawla Zila
Phagwara 070345",Ahmedabad,dhanuk94@hotmail.com,914661371357.00
63,Himmat Chahal,"H.No. 239
Lala Nagar
Tirunelveli 586705",Mumbai,kimaya12@gmail.com,2297587980.00
64,Nakul Bhatia,"18/269
Khare Chowk, Sambhal 427329",Chennai,armaangarde@dubey.org,6928470056.00
65,Anahita Seshadri,"767
Gade Nagar
Bellary-064104",Mumbai,kartikroy@viswanathan-krishna.com,9827497552.00
66,Mishti Tella,"H.No. 399
Rout Marg
Parbhani-569185",Ahmedabad,kartikkrishna@walla.biz,910187654898.00
67,Manikya Mann,"184, Rastogi Chowk
Dehri 056923",Chennai,kguha@wable.com,1518861216.00
68,Jayesh Sanghvi,"29
Borde Nagar, Malegaon-213408",Surat,navya40@hayre.com,7461345119.00
69,Purab Ahuja,"H.No. 405, Barad Chowk, Bhilwara-316878",Chennai,nitarabrar@yahoo.com,5513109397.00
70,Saanvi Khatri,"62/20
Chanda, Orai 347708",Ahmedabad,samairadash@gera.org,3106084901.00
71,Jiya Lanka,"H.No. 74
Talwar Ganj
Unnao 648863",Ahmedabad,ivangole@dugar.com,6427641039.00
72,Kavya Rajagopal,"H.No. 45
Rajagopal Ganj, Nandyal 480390",Pune,imajumdar@tank.biz,4739948568.00
73,Yasmin Bera,"H.No. 262, Sanghvi Marg, Saharsa-753616",Mumbai,raghavbora@gmail.com,8622676728.00
74,Charvi Varma,"H.No. 33
Mani Zila, Satna-554346",Pune,sachdevrohan@das.org,918758229470.00
75,Shray Suresh,"H.No. 505
Sarin Circle, Delhi 221152",Mumbai,yuvaan45@trivedi.com,7983405221.00
76,Mehul Kalla,"763
Baria Path
Bokaro-394994",Surat,amanithaman@dugar.com,9606343923.00
77,Anahi Tiwari,"51/425
Vala Marg, Nandyal 966366",Hyderabad,prishacherian@lalla.net,9742644869.00
78,Vaibhav Jaggi,"H.No. 17
Chander Street
Ahmedabad 224735",Kolkata,manjari47@hotmail.com,913153484952.00
79,Vaibhav Banik,"32/21, Sharaf Street
Alappuzha 001638",Pune,sankarvritika@hotmail.com,5354873991.00
80,Bhavin Seshadri,"36/84, Sarna Road, Mahbubnagar 444660",Bengaluru,tsheth@gmail.com,2879100712.00
81,Ivan Mahal,"89/072, Kannan Path
Nizamabad 736990",Chennai,bhavin06@yahoo.com,8855152210.00
82,Tiya Hayre,"03/355
Jhaveri Nagar, Adoni 729993",Ahmedabad,xsarna@yahoo.com,155375132.00
83,Aaryahi Chaudhari,"23/93
Mani Nagar, Howrah-429357",Kolkata,uthkarshgole@mand.com,6523144171.00
84,Zaina Magar,"90, Datta Circle
Kota-680080",Pune,isampath@hegde.com,5746422827.00
85,Lagan Kala,"75/90, Kunda Zila, Rohtak-999922",Surat,dadakanav@saini.com,911725266741.00
86,Arnav Balan,"147, Kata Street
Bhusawal-441350",Hyderabad,ddhar@manda.com,705846533.00
87,Neysa Madan,"H.No. 68, Borah Path, Fatehpur 534899",Mumbai,ukalla@gmail.com,2298982776.00
88,Miraya Dar,"68
Bal Chowk, Siwan-286714",Bengaluru,srinivasivan@sodhi.info,916273235934.00
89,Vedika Balay,"H.No. 04
Kade Chowk
Srikakulam 251148",Hyderabad,hazelmall@mannan.com,77145170.00
90,Jayan Madan,"042, Agate Ganj, Madhyamgram-529902",Delhi,ojas39@hotmail.com,5434157728.00
91,Vidur Srinivas,"97/06, Atwal Road, Hajipur 279486",Delhi,farhan99@hotmail.com,2540304326.00
92,Jivin Sundaram,"028
Randhawa Chowk, Bijapur 974377",Hyderabad,lavanyabhalla@saraf.com,6911529535.00
93,Anika Uppal,"H.No. 68, Madan Marg, Raipur-985498",Kolkata,wsunder@gmail.com,918553089373.00
94,Purab Chaudhry,"251, Sani Ganj
Dibrugarh 543590",Mumbai,gatikjain@sawhney-shroff.com,467978767.00
95,Krish Char,"00/79, Savant, Varanasi-192098",Pune,rati92@lad.com,246460188.00
96,Ivan Doshi,"H.No. 47
Deshpande Marg
Latur-641102",Pune,anahivenkatesh@yahoo.com,3504818593.00
97,Yasmin Samra,"14/992
Dubey Street
Jhansi 700913",Surat,golasaksham@ray.biz,6641237233.00
98,Sahil Dar,"86/817, Khatri Street, Naihati-963228",Surat,madhav56@hotmail.com,918506824279.00
99,Alisha Chaudhari,"H.No. 129, Balasubramanian Road
Etawah-126155",Surat,fdewan@hotmail.com,7522822262.00
100,Nayantara Subramanian,"77/438
Bhatt Street, Ambarnath-368223",Surat,kiarabasak@yahoo.com,1418135653.00
101,Oorja Kohli,"26/390, Sankaran Ganj
Tiruchirappalli-838240",Pune,umajumdar@dar.org,913721310671.00
102,Kanav Kohli,"49/21
Ahluwalia Ganj, Amroha 438493",Kolkata,prerak67@gmail.com,5606216710.00
103,Fateh Lata,"68/777, Rajan Marg
Bhilwara-635102",Surat,azad02@rama-shetty.info,6985759565.00
104,Dhruv Shanker,"H.No. 73, Tiwari Path
Motihari 325146",Ahmedabad,vaidyaakarsh@de-setty.com,8796555787.00
105,Sumer Varkey,"H.No. 94
Brar Road, Ramagundam 611701",Pune,bbatta@bobal.com,4804488275.00
106,Ayesha Sachdev,"35, Bhakta Marg, Chittoor-558493",Kolkata,bkhatri@balakrishnan-kara.net,914286699023.00
107,Tejas Khare,"353
Bhasin Street, Jammu 790145",Mumbai,ogoyal@raval.net,2205048714.00
108,Shalv Talwar,"266, Trivedi Circle
Raebareli-729963",Bengaluru,bosenishith@sabharwal.info,918973710453.00
109,Lagan Brar,"H.No. 86
Sahota Path
Asansol 878732",Pune,khushi14@reddy-mahajan.com,9070589739.00
110,Trisha Raj,"61/857, Bobal Ganj, Mangalore-063888",Surat,heerdube@ramachandran.com,9178421424.00
111,Saira Thakur,"H.No. 82
Dash Street
Munger 333055",Jaipur,hiran38@barman.com,4808665449.00
112,Neysa Wable,"H.No. 328, Brar Path
Tirunelveli-644764",Surat,pari45@hotmail.com,913773578386.00
113,Ivana Bhalla,"H.No. 08
Kadakia Circle, Raichur 656465",Mumbai,kiarasani@gmail.com,7132494757.00
114,Ela Soman,"H.No. 90, Loyal Chowk
Muzaffarpur-423794",Jaipur,kotatejas@hotmail.com,5721951069.00
115,Damini Shah,"H.No. 340, Dass Chowk, Indore-655295",Kolkata,farhan50@yahoo.com,919303313267.00
116,Heer Wason,"96/630, Shah Marg
Danapur 460458",Ahmedabad,zainachhabra@gmail.com,7455756442.00
117,Sumer Mand,"40/286
Bhatt Zila, Bhusawal-649068",Bengaluru,rattiaarush@madan.com,916220902746.00
118,Aarush Kala,"321
Kumer Ganj, Siwan-806566",Chennai,malhotraishita@gmail.com,1601578060.00
119,Jhanvi Arora,"129
Dewan Circle
Ulhasnagar-769654",Pune,kanav93@hotmail.com,910646987377.00
120,Anvi Boase,"H.No. 18, Dube Road, Pondicherry-062663",Hyderabad,mahika10@saran.biz,9874271511.00
121,Suhana Amble,"H.No. 63, Raval Circle, Kolhapur-013854",Delhi,balipriyansh@hotmail.com,451027686.00
122,Riaan Dhingra,"H.No. 983
Garde Street, Hubli–Dharwad-785286",Pune,prerak95@maharaj.info,3016956428.00
123,Rania Kata,"755, Bora Ganj
Navi Mumbai 085162",Ahmedabad,purabkrish@gmail.com,3753649616.00
124,Anaya Thaker,"H.No. 86, Kalla Circle
Salem 117094",Delhi,tejas82@yahoo.com,917125734137.00
125,Jayant Aggarwal,"43/55, Chakrabarti Ganj
Purnia 079531",Ahmedabad,vritikarama@yahoo.com,6407076508.00
126,Jivin Karan,"67/88, Brar Chowk, Sambhal-432871",Ahmedabad,mallickpihu@yahoo.com,918491518882.00
127,Aarush Behl,"H.No. 917, Gupta Circle
Kolkata-690799",Hyderabad,tbahl@sethi-luthra.com,2262261904.00
128,Shalv Koshy,"H.No. 11, Dutt Nagar, Berhampur 560225",Delhi,rbalakrishnan@yahoo.com,3249232125.00
129,Urvi Borra,"H.No. 743, Kaul Street, Amaravati-614576",Jaipur,anaysachdeva@kala-atwal.com,5780087657.00
130,Armaan Bhandari,"H.No. 70
Bhatt Street
Hospet 813583",Kolkata,arhaan94@suresh.biz,104996652.00
131,Urvi Warrior,"38/91
Kalita Road, Jaipur-630126",Surat,daveaaina@ramakrishnan.com,7604107480.00
132,Kimaya Dhar,"18/48, Kothari Ganj, Surendranagar Dudhrej 049710",Mumbai,hiran69@banerjee.com,918974998438.00
133,Keya Gala,"H.No. 08
Saraf Street, Dehri-378987",Kolkata,xtak@sami.info,914952885814.00
134,Ahana  Vig,"38/685
Khalsa Circle, Gandhidham-509923",Kolkata,okothari@yahoo.com,3274739310.00
135,Misha Gala,"22/152
Sachdeva Ganj
Ajmer 423405",Mumbai,indrans10@madan-wagle.net,6346633228.00
136,Eshani Reddy,"H.No. 97, De Marg, Pondicherry-793960",Ahmedabad,lbarad@hotmail.com,264139408.00
137,Vardaniya Sama,"18/90, Kapoor, Vadodara 169588",Pune,tanyaborde@yahoo.com,4978403873.00
138,Hunar Varty,"285
D’Alia Street
Ambala 149107",Ahmedabad,indrajit05@randhawa.info,915674098321.00
139,Kaira Jaggi,"H.No. 74
Gera
Amravati 228635",Delhi,rkumer@butala.com,911262647301.00
140,Mehul Chopra,"30/46
Jayaraman, New Delhi-855026",Kolkata,faiyaz05@hotmail.com,2060753987.00
141,Kashvi Bera,"092, Borde Street, Meerut-130671",Pune,jayantjoshi@yahoo.com,916991686932.00
142,Aradhya Comar,"18/42, Wali Road, Chapra-041921",Chennai,mohanlal22@srinivasan.info,467806904.00
143,Farhan Bajwa,"679
Deo Street
Bhalswa Jahangir Pur 713827",Surat,semvedika@chaudhary.com,914593967785.00
144,Navya Chaudhary,"17
Agarwal Marg
Bhavnagar 098861",Delhi,ukunda@hotmail.com,916124540550.00
145,Sana Tella,"H.No. 96, Srivastava Road
Kanpur 963255",Bengaluru,vdhawan@amble.biz,917086191226.00
146,Oorja Kulkarni,"61, Iyengar Circle, Jamshedpur 353490",Delhi,purab12@hotmail.com,9454718895.00
147,Ishita Sahni,"H.No. 08
Shanker Ganj, Indore 762934",Pune,wlanka@hotmail.com,6602748137.00
148,Jayant Rattan,"973, Khurana Chowk, Jammu 829103",Hyderabad,jivikababu@gmail.com,1673360722.00
149,Hazel Dugar,"H.No. 06
Wadhwa Zila
Bhubaneswar 260672",Bengaluru,reneesingh@yahoo.com,9856334310.00
150,Kismat Suri,"15
Buch Street
Avadi-887430",Surat,sankarnitya@hotmail.com,910248491305.00
151,Aniruddh Ravi,"14/431, Mallick
Karawal Nagar-092762",Chennai,hganesh@sha.com,5161009016.00
152,Aradhya Mander,"H.No. 442, Gola Street
Karimnagar 561411",Chennai,veer35@bhatnagar.com,9057597924.00
153,Mahika Deshpande,"07
Dixit, Bhiwani-856531",Pune,abram76@gmail.com,1960338933.00
154,Hansh Sant,"H.No. 65
Sidhu Ganj, Satna 118761",Hyderabad,sakshamgrover@raja.com,8129024118.00
155,Hazel Bora,"H.No. 43
Ahluwalia Marg
Fatehpur 008951",Mumbai,saniela@goda.com,71608309.00
156,Manjari Gandhi,"25/023
Guha Street
Khandwa-866358",Chennai,gokultaneja@gmail.com,6985507524.00
157,Aaryahi Gill,"H.No. 816, Dyal Circle
Thane-838292",Jaipur,chiragbajwa@hotmail.com,9665136120.00
158,Aniruddh Sethi,"97
Dhar Ganj, Gwalior-423358",Delhi,mishtitella@balan.info,7598408491.00
159,Shalv Sanghvi,"H.No. 900, Keer Chowk
Madanapalle 872653",Kolkata,hegdenitara@gmail.com,8357218760.00
160,Shayak Apte,"99/77, Bhandari Street, Bardhaman-002120",Kolkata,jkade@varghese-gandhi.com,913028344099.00
161,Reyansh Wagle,"83/26
Ganguly Zila, Rewa 253053",Delhi,aptecharvi@dar.com,2646622144.00
162,Khushi Sandal,"H.No. 054
Kala Marg, Panvel 326282",Pune,sekhonnishith@sandal.org,2714022367.00
163,Romil Gala,"H.No. 36, Bala Nagar, Srinagar-967397",Hyderabad,barmansiya@hayer-rajagopalan.net,7819226638.00
164,Jivika Goel,"13/06, Bhargava Road
Surat-682275",Ahmedabad,dbaria@yahoo.com,2698720451.00
165,Gatik Sarkar,"258
Datta Nagar, Mango-578251",Jaipur,sumeredwin@bajaj-varughese.com,792697421.00
166,Jayant Chhabra,"H.No. 844
Deol Road, Danapur-273999",Jaipur,riaangoswami@yahoo.com,1427502457.00
167,Priyansh Chahal,"H.No. 566
Rama Marg
Vellore 178751",Hyderabad,chiragcontractor@mand.com,7376766817.00
168,Sahil Sood,"H.No. 80
Dass Marg, Sagar 714303",Kolkata,riya27@yahoo.com,4202096059.00
169,Ishita Ganesh,"020
Ganesan Street, Ramagundam-853472",Surat,valayashvi@hotmail.com,914024916275.00
170,Drishya Jaggi,"60/22
Seshadri Path, Satara 351636",Ahmedabad,jiyaagarwal@hotmail.com,916668967644.00
171,Keya Dhar,"21/559
Acharya Ganj
Suryapet 840912",Pune,aayushshetty@yahoo.com,520761033.00
172,Reyansh Magar,"496
Agrawal
Tirupati-059828",Ahmedabad,vaidyapihu@yahoo.com,3331141836.00
173,Ranbir Hora,"92/534, Roy Road, Kalyan-Dombivli-184257",Surat,reyanshsahni@hotmail.com,913596878646.00
174,Taimur Srivastava,"87, Dua, Jaunpur-145928",Bengaluru,vramanathan@bir.biz,7301905276.00
175,Urvi Sura,"171, Chaudhary Nagar, Tiruvottiyur 816485",Jaipur,navya93@ghose.com,915775148899.00
176,Stuvan Bhattacharyya,"25/665
Kumar Zila, Imphal-733564",Jaipur,dhanuk26@golla-khosla.info,911185017490.00
177,Keya Ahuja,"H.No. 74, Devan Ganj, Coimbatore 937683",Chennai,anayahayre@batra.biz,917055499371.00
178,Samaira Taneja,"98/214, Sabharwal Zila
Bathinda-744151",Hyderabad,aradhyachowdhury@yahoo.com,2542476877.00
179,Pihu Deep,"97/532, Divan Marg, Malegaon 904063",Bengaluru,kiara50@raja.org,9400064658.00
180,Nitara Chhabra,"H.No. 41, Seshadri Street, Agartala-718443",Kolkata,anahitayohannan@badami-mangat.net,7635571188.00
181,Umang Bir,"95/541, Kari Marg, Sikar-892556",Kolkata,rattaonkar@arora.info,910961513365.00
182,Nirvaan Apte,"907, Kala Circle, Silchar 632638",Surat,jayaramanbaiju@yahoo.com,916116686443.00
183,Aarna Mane,"82/42
Suresh Chowk
Kollam 470874",Jaipur,kashvimanne@gmail.com,1153466443.00
184,Kabir Badal,"55/77
Verma Circle
Anantapuram 671157",Hyderabad,rajagopalreyansh@yahoo.com,912235021935.00
185,Ishita Barman,"51/801
Johal Chowk, Gandhidham-657921",Jaipur,ntella@karan.info,914320599454.00
186,Rhea Gera,"H.No. 589
Saran Road
Ratlam-053803",Surat,rastogiindrajit@chopra.biz,2050976856.00
187,Jivika Rana,"435, Kala Street, Bulandshahr-521681",Mumbai,vedikacheema@gmail.com,813567147.00
188,Neysa Venkataraman,"89
Kohli Nagar, Meerut-239547",Ahmedabad,lokeinaaya@yahoo.com,8032393436.00
189,Hridaan Gala,"94/21
Doshi Ganj, Gwalior-000070",Pune,kabir71@tella.com,7245057693.00
190,Shaan Cheema,"97
Bose Chowk
Dharmavaram 984567",Hyderabad,rati62@taneja.net,4918110165.00
191,Vihaan Bhandari,"35/37
Sura, Khandwa 772016",Delhi,anahi37@gmail.com,5396142379.00
192,Rasha Raju,"H.No. 617, Ramanathan Path, Burhanpur-108454",Mumbai,dray@amble.com,9522229608.00
193,Purab Aurora,"916, Jani Zila, Unnao 377471",Chennai,ukaur@rau.com,7482850956.00
194,Raghav Luthra,"H.No. 38
Dube Zila
Haldia-180229",Ahmedabad,sehertella@goel-virk.com,913476228109.00
195,Anvi Ghosh,"377
Bhattacharyya Chowk
Ahmedabad 195553",Chennai,bawamadhup@gmail.com,4137945821.00
196,Arhaan Shan,"18, Ganesh Road, Ghaziabad-464181",Delhi,evamadan@hotmail.com,910159275161.00
197,Indranil Chandra,"29, Mann Street, Bhusawal 931614",Surat,uyogi@hotmail.com,4276846977.00
198,Devansh Saran,"08/488, Dube Nagar
Siliguri-447282",Bengaluru,anneindrans@khosla-banerjee.org,388545335.00
199,Arhaan Sibal,"909
Chowdhury Road, Vasai-Virar-002456",Chennai,badamianvi@gmail.com,219527486.00
200,Chirag Divan,"395, Basu Circle, Hosur 902327",Jaipur,qmanne@balan-mangal.com,919778352567.00
201,Lakshit Sandal,"77/268
Datta Circle
Varanasi 730326",Chennai,dashkismat@gmail.com,919818879177.00
202,Anahita Yogi,"60/14, Bandi Zila, Madanapalle-655556",Chennai,bhargavaamani@gmail.com,918445000310.00
203,Pihu Sharma,"72/782, Sarma Ganj
Shimoga-377679",Jaipur,neysakhosla@hotmail.com,7699245767.00
204,Jayan Seshadri,"22/65
Rajagopalan, Bathinda 487432",Bengaluru,miraan23@hotmail.com,7888453435.00
205,Taran Seth,"79/96
Dhar Zila, Jabalpur 077179",Kolkata,mahajanriaan@hotmail.com,8339169813.00
206,Manjari Sehgal,"H.No. 437, Bahri Zila
Chapra 773911",Bengaluru,mgour@halder.com,4314209971.00
207,Ishaan Desai,"86
Deshmukh Street, Thane-264984",Bengaluru,golaanaya@sidhu.net,6464427335.00
208,Divyansh Bajwa,"43/01
Madan Road, Pune 615834",Ahmedabad,anaya65@khatri-barad.com,5893554129.00
209,Nayantara Edwin,"547, Krish Zila
Secunderabad 892282",Hyderabad,baijutiwari@hotmail.com,3685945068.00
210,Samar Contractor,"H.No. 687
Goda
Kulti 251766",Surat,oorjachada@hotmail.com,915627614744.00
211,Aayush Apte,"136
Gera Street
Gulbarga 141623",Hyderabad,shroffindrans@yahoo.com,917184330018.00
212,Anaya Bumb,"39
Andra Zila
Pimpri-Chinchwad-637823",Chennai,khushi15@gmail.com,2951986256.00
213,Kaira Kata,"13/78
Talwar Ganj
Malegaon-021899",Kolkata,raunakraj@luthra-shenoy.com,114951779.00
214,Nayantara Iyer,"H.No. 25
Koshy Chowk, Ballia-633544",Surat,lloke@shanker-bhat.com,919983483030.00
215,Nishith Karnik,"82/07, Vig Path
Bulandshahr-731901",Delhi,ryan99@basu.com,1527999118.00
216,Umang Guha,"39, Malhotra Marg
Warangal 824939",Pune,jhanvi17@kala.com,4128291100.00
217,Nakul Barman,"65/467
Sabharwal Zila, Bhiwandi-266227",Kolkata,abram58@gmail.com,919235272985.00
218,Nakul Chana,"H.No. 61, Srinivasan
Bally-071319",Kolkata,sankarojas@kumar.com,9916376453.00
219,Aaina Soman,"408, Rege Zila
Faridabad 491219",Mumbai,chahalfarhan@tandon.biz,6172270703.00
220,Neelofar Sanghvi,"33/152
Bora Street
Nizamabad-405316",Delhi,advik41@gmail.com,9023763316.00
221,Saira Ganguly,"637
Mahajan Road, Bulandshahr 769155",Mumbai,tchopra@tandon.biz,9028817064.00
222,Parinaaz Ben,"61
Divan Ganj
Burhanpur 209248",Ahmedabad,aggarwalindrans@yahoo.com,6665212449.00
223,Aarna Boase,"H.No. 955
Din Circle, Tinsukia 225376",Jaipur,indranilkohli@yahoo.com,916031631141.00
224,Badal Amble,"601, Dasgupta Marg
Khora -376561",Ahmedabad,rrandhawa@hotmail.com,2575270293.00
225,Badal Lanka,"H.No. 730, Chhabra Chowk, Satna-262881",Mumbai,dugalhimmat@bhatnagar-reddy.com,8547953572.00
226,Advik Borra,"H.No. 948, Ramakrishnan Zila
Medininagar 840110",Mumbai,dharsumer@hotmail.com,3698534929.00
227,Amani Borah,"H.No. 74
Bhavsar Circle
Proddatur 679772",Bengaluru,vivaan80@gmail.com,917568259656.00
228,Drishya Varghese,"28/05, Baria Street, Hospet-078568",Bengaluru,oshenoy@hotmail.com,2690028736.00
229,Dhanush Wadhwa,"17
Bedi Marg
Maheshtala 050678",Ahmedabad,uwagle@yahoo.com,910828304987.00
230,Akarsh Singh,"H.No. 19
Bala Circle, Pune-965834",Bengaluru,xcomar@issac-rastogi.com,4871959064.00
231,Madhup Kapadia,"H.No. 139, Grover Path
Kozhikode-576283",Kolkata,magaramani@yahoo.com,8812718780.00
232,Dhanuk Bora,"H.No. 38, Mann, Bardhaman 779968",Chennai,kapurtaran@chowdhury-bath.biz,915323807937.00
233,Rati Chad,"501
Bhargava Chowk, Dindigul 904492",Delhi,hkoshy@yahoo.com,2848964413.00
234,Aaina Saini,"96/088, Soni Path, Sultan Pur Majra-198911",Delhi,zmann@hotmail.com,5182139901.00
235,Navya Date,"93/395
Sharma Street
Ongole 245510",Delhi,miraan57@yahoo.com,3184318154.00
236,Mohanlal Bhandari,"29
Doshi Marg
Khandwa-523485",Surat,ckannan@gandhi.info,9862667847.00
237,Umang Rajagopal,"35, Gaba Circle, New Delhi 133988",Bengaluru,bailaarav@sastry.biz,9281424581.00
238,Hrishita Lanka,"03/308, Maharaj Nagar, Surat 990539",Kolkata,gbhattacharyya@yahoo.com,1110051999.00
239,Aayush Tak,"37/962
Varughese, Tiruvottiyur 613491",Delhi,eladin@thaker.org,919409149357.00
240,Lagan Badal,"22/10, Baria Zila
Nanded 349333",Bengaluru,galaehsaan@sastry.com,6000957888.00
241,Arhaan Tata,"19/890
Savant Road, Gwalior-341542",Jaipur,parikadakia@sharaf-dara.org,4170920031.00
242,Aarna Soman,"88, Ramakrishnan Street
Gaya 261460",Pune,somananika@upadhyay-sarin.com,5583110155.00
243,Priyansh Sachar,"H.No. 13
Sen Street, Farrukhabad 763129",Delhi,irajain@sundaram-sandhu.com,915848049961.00
244,Yakshit Chaudry,"18
Gola, Kota-428282",Surat,qdate@yahoo.com,9115376608.00
245,Aayush Sibal,"H.No. 083, Trivedi Street, Hindupur-654162",Chennai,lagan65@yahoo.com,911664012116.00
246,Baiju Dani,"H.No. 023
Gill, Muzaffarnagar-777757",Chennai,jivika04@kannan.org,9070207727.00
247,Tejas Rout,"528
Anne Nagar, Pimpri-Chinchwad 726601",Delhi,karnikshaan@yahoo.com,500582595.00
248,Ritvik Grover,"540
Brar Path
Adoni 386393",Pune,manikyaramachandran@sura.com,8811188811.00
249,Krish Sathe,"23/02, Gade
Aizawl-425274",Ahmedabad,eva29@gmail.com,7960586719.00
250,Veer Wali,"58/33, Walia Ganj
Bihar Sharif 812472",Bengaluru,kiaankarnik@hotmail.com,7222381951.00
251,Charvi Mannan,"H.No. 84, Johal Zila, Gopalpur-704279",Ahmedabad,jivin36@dalia.net,917839454114.00
252,Ranbir Datta,"04/35
Chandra Zila, Bidar 905341",Mumbai,oorja04@gmail.com,911653336224.00
253,Riya Gala,"63/483
Savant Chowk, Gandhidham 325319",Bengaluru,baralsaira@yahoo.com,913524662998.00
254,Chirag Verma,"40/768
Rau, Ambattur-119286",Delhi,kiaan29@gmail.com,8317701263.00
255,Manikya Ramakrishnan,"37/451
Viswanathan Street
Satara-194128",Kolkata,divijsathe@hotmail.com,913729631478.00
256,Mahika Sastry,"07, Chakrabarti Road
Tenali 423128",Chennai,vvasa@gmail.com,910121722487.00
257,Vidur Bail,"51/011
Balan Road, Chittoor-488433",Jaipur,tarasaxena@subramaniam.org,915045158734.00
258,Nitara Deshpande,"38/94
Raju
Mehsana-360502",Chennai,lakshaylata@yahoo.com,924695800.00
259,Anika Gola,"25
Barman
Ghaziabad-733283",Ahmedabad,ubasu@kota.com,6930846840.00
260,Taran Kothari,"H.No. 56, Goswami Path
Nangloi Jat 791433",Ahmedabad,pranay03@yahoo.com,911252896023.00
261,Neysa Chokshi,"04/979
Bhagat Marg
Howrah-539537",Mumbai,raunaksani@hotmail.com,2698980174.00
262,Zara Boase,"H.No. 106
Bumb Nagar, Raurkela Industrial Township-389680",Hyderabad,zdhaliwal@krishna.info,912986420911.00
263,Fateh Krishnan,"99/45, Chad Road, Kurnool-130472",Chennai,shayakjani@hotmail.com,2161039996.00
264,Nitara Ganesan,"640
Bhatti Nagar
Jorhat-238413",Chennai,raovritika@gmail.com,3047480293.00
265,Neysa Malhotra,"H.No. 17, Rana Road
Raurkela Industrial Township 891828",Chennai,tandondivit@varkey.com,9772195576.00
266,Purab Handa,"H.No. 936, Bansal, Aurangabad 304583",Jaipur,kaira81@yahoo.com,6663554109.00
267,Rati Chanda,"58/93, Yogi Marg, Kurnool-403370",Pune,vardaniyalal@behl.com,917035356947.00
268,Aaryahi Shan,"12/495, Bawa Chowk, Ajmer-015945",Pune,nitarasandal@lad-sani.info,568103505.00
269,Hunar Dalal,"29/89, Magar Nagar
Bareilly-229100",Bengaluru,dewanshray@hotmail.com,916681731725.00
270,Bhavin Gandhi,"H.No. 88, Agate
Mango-883479",Bengaluru,evabaral@upadhyay.com,915241718220.00
271,Nirvaan Buch,"15/342
Aurora Circle
Berhampur-223918",Chennai,bavanitara@khosla.net,915488723729.00
272,Adira Chakrabarti,"86/078
Borde Path
Jamalpur-961974",Ahmedabad,manikyabutala@yahoo.com,1406079450.00
273,Amira Behl,"H.No. 81
Suresh Zila, Nanded 516596",Ahmedabad,shamik15@dubey-warrior.com,911649437660.00
274,Samarth Grewal,"H.No. 338
Rout Road, Bhiwani-600537",Chennai,samarthbajwa@gade.com,6437495154.00
275,Ayesha Borah,"08/506
Vig
Serampore-396159",Jaipur,hansh39@saran-barad.com,9549734062.00
276,Sana Sethi,"H.No. 27
Kannan Road
Mau-907314",Pune,bgala@sangha.net,7890577280.00
277,Lakshay Bose,"96/702
Datta Path
Kulti-062117",Delhi,nitarasachdeva@yahoo.com,8865750170.00
278,Rhea Arora,"H.No. 986
Chaudry
Jodhpur-687432",Bengaluru,zain17@agrawal-bhat.com,2771422734.00
279,Kartik Ramanathan,"055
Sarin Circle, Davanagere 026956",Hyderabad,indrans36@yahoo.com,308661968.00
280,Jivika Krishnan,"81/17, Majumdar Ganj, Berhampore-250923",Pune,hridaanhora@rajagopal.com,1417433890.00
281,Dhruv Sawhney,"45/58, Warrior Chowk, Rajahmundry-929510",Delhi,dattadishani@dugal-badami.info,877026952.00
282,Zara Sama,"H.No. 15
Chahal Road, Gangtok 278553",Hyderabad,jiyagill@shan.net,3097865298.00
283,Aayush Goyal,"376
Bhardwaj Street
Bhilwara-539043",Ahmedabad,osaha@raja.net,345006749.00
284,Kiaan Dada,"233
Badal Circle
Dehri-953664",Hyderabad,mkala@hotmail.com,3696066407.00
285,Anvi Tara,"17, Sami Zila
Mysore-146780",Hyderabad,raghav12@kurian.com,4653994935.00
286,Alia Bath,"30/355, Kapur Ganj
Bhavnagar 555961",Kolkata,farhanmand@rout.com,914463511669.00
287,Inaaya  Buch,"63/37, Maharaj Nagar, Pallavaram-580913",Ahmedabad,tankritvik@hotmail.com,855937769.00
288,Shalv Vyas,"19
Krishna Street
Haridwar 721063",Mumbai,sdugar@rama.com,910618035811.00
289,Ayesha Varughese,"81/53, Bhatt Nagar, Hosur-319879",Ahmedabad,samaira10@gmail.com,9908014173.00
290,Ira Suri,"21/73, Jha Path
Sonipat-919399",Kolkata,yuvaanmaster@gmail.com,916628392908.00
291,Yakshit Mahajan,"42
Tara Chowk
Kavali-195879",Jaipur,kartikchar@gmail.com,8014807708.00
292,Lakshay Chatterjee,"76/350, Srivastava Zila, Bharatpur 289822",Chennai,divitsridhar@hotmail.com,913162503152.00
293,Jayesh Kamdar,"H.No. 75
Mangat Circle, Jaunpur 402266",Delhi,goswamialia@hotmail.com,1757884480.00
294,Hazel Bhalla,"37/232
Ramaswamy Path, Etawah 605655",Kolkata,ythaker@hotmail.com,914978493072.00
295,Tarini Raval,"77
Malhotra Zila
Bhavnagar 205058",Mumbai,sana70@hotmail.com,6735460090.00
296,Vihaan Vaidya,"106, Dua Street
Vijayawada-865985",Mumbai,savantromil@ramesh.biz,913013255411.00
297,Anika Dugal,"H.No. 16
Dara Circle, Sambalpur 503575",Bengaluru,zain13@hotmail.com,893378590.00
298,Ahana  Char,"87/12, Verma Marg, Etawah-541903",Bengaluru,qdhillon@behl.com,914504936556.00
299,Ahana  Manda,"906
Kohli Nagar
Shimoga 648552",Delhi,sahnimiraya@choudhury.com,916931033391.00
300,Fateh Srinivas,"H.No. 794
Vora
Malegaon-067125",Chennai,anvibandi@khatri.biz,918249499461.00
301,Hiran Wadhwa,"95/909, Golla Chowk
Sambhal-744318",Mumbai,kavyakrishna@yahoo.com,7459857811.00
302,Sumer Sachdev,"H.No. 781
Bera Ganj, Etawah 486703",Delhi,arorasamarth@yahoo.com,6818720004.00
303,Sara Goel,"H.No. 60, Mallick Street, Jamshedpur-433455",Hyderabad,lakshit13@dasgupta.com,918719974110.00
304,Yuvaan Khurana,"621
Kale Street, Aurangabad-752549",Chennai,hrishitadalal@hotmail.com,919089812112.00
305,Mannat Arora,"079
Bandi Road
Raurkela Industrial Township 645835",Bengaluru,tellayuvaan@lala.com,747931551.00
306,Vanya Anne,"994
Sem Zila
Kavali-532994",Jaipur,hridaan58@hotmail.com,663284973.00
307,Aarush Keer,"H.No. 781, Talwar Ganj, Erode 271465",Pune,dishani56@bora-yadav.biz,1928128284.00
308,Nakul Sandhu,"699
Sama Marg
Bellary-148736",Kolkata,kaladharmajan@yahoo.com,3858951998.00
309,Nakul Balan,"88, Bhavsar, Nizamabad-088736",Ahmedabad,takpurab@gmail.com,8965130835.00
310,Tarini Warrior,"226, Iyengar Marg, Tiruchirappalli-911563",Delhi,dgole@hotmail.com,8502789914.00
311,Zoya Barad,"64/941
Rastogi Path, Ozhukarai-056010",Pune,jhanvi69@gmail.com,4736693426.00
312,Jivin Bumb,"20/55
Wadhwa Path, Khora  851515",Mumbai,daraanika@dalia.info,1288613084.00
313,Shayak Talwar,"H.No. 782, Rastogi Chowk, Saharsa 630899",Ahmedabad,kartiksathe@chokshi.com,3402871534.00
314,Mannat Mandal,"H.No. 82
Golla, Moradabad-863910",Chennai,madhav99@hotmail.com,2536528092.00
315,Rhea Kade,"93/92
Acharya Chowk, Jalna-126447",Ahmedabad,borrarasha@gmail.com,914894104820.00
316,Shanaya Madan,"48
Gupta Marg, Udupi-560868",Chennai,ibhardwaj@gmail.com,914914056709.00
317,Darshit Agate,"549
Shenoy Road, Anand 674339",Jaipur,pdara@hotmail.com,912883011156.00
318,Jayant Bhandari,"30/87, Doctor Road
Saharanpur 259236",Delhi,shayak65@chandra.com,8220194720.00
319,Armaan Devan,"02, Dalal Chowk, Ranchi-830724",Delhi,drishya44@cheema-saraf.com,919270595665.00
320,Raunak Batra,"64/915, Hora Road, Mau 346968",Mumbai,onkarkumer@kadakia.com,3590365721.00
321,Akarsh Bakshi,"87/52
Varma Zila, Tiruchirappalli 233814",Pune,wkhurana@mani.com,8296314653.00
322,Taran Raja,"295, Kar Path
Dehradun 682015",Ahmedabad,grovernayantara@ahuja-ghosh.org,8526656079.00
323,Samarth Dalal,"533, Vala Road
Unnao 098170",Jaipur,tgoswami@gmail.com,3241262605.00
324,Krish Bhatnagar,"06/305, Batra Street
Tadipatri 893562",Pune,priyanshcherian@gmail.com,1325292294.00
325,Neelofar Jaggi,"46/33
De Road, Raiganj-498476",Mumbai,nramaswamy@hotmail.com,915901575851.00
326,Aarav Raju,"98/616, Das Circle
Yamunanagar 002984",Chennai,hegdefateh@yahoo.com,914119348510.00
327,Krish Deo,"H.No. 21, Kota Zila, Bareilly-279505",Kolkata,borrayakshit@yahoo.com,247016921.00
328,Kabir Som,"92, Bose Road, Hospet-967634",Bengaluru,ishitawadhwa@hans.net,149970366.00
329,Nehmat Bhasin,"H.No. 752
Manne Marg, Durg-333308",Surat,neelofarshah@thaman-taneja.com,918725691186.00
330,Purab Gade,"H.No. 83, Borah Street
Pondicherry 357664",Kolkata,ykorpal@ravi.org,8402312871.00
331,Manikya Buch,"281
Kapoor Circle, Nagpur-735152",Jaipur,anahitaswaminathan@choudhury.com,2367396729.00
332,Divit Golla,"H.No. 41, Kaul Road
Sasaram 843254",Kolkata,abhargava@char.com,917349138316.00
333,Prisha Bal,"H.No. 958
Brahmbhatt, Aurangabad 825600",Kolkata,shalvyadav@warrior.com,919265246472.00
334,Madhup Amble,"79/01, Saraf Chowk, Nangloi Jat-059606",Surat,sarkarraunak@sidhu-mane.net,9276752922.00
335,Vanya Walia,"117
Hayre
Bidhannagar 578026",Jaipur,anikadani@yahoo.com,916496014809.00
336,Ojas Ganguly,"H.No. 00, Shankar Street
Tiruvottiyur 666968",Bengaluru,qtalwar@yahoo.com,4844613367.00
337,Kaira Sangha,"66/14
Vala Nagar, Madhyamgram-629715",Hyderabad,ranagokul@chokshi.net,9671276370.00
338,Shray Mahal,"67/619, Sandhu Chowk
Ongole-809702",Ahmedabad,byogi@kota.com,916286175841.00
339,Hrishita Date,"95/439
Ramakrishnan Street, Danapur 882690",Hyderabad,laganranganathan@yahoo.com,914020199103.00
340,Vardaniya Soman,"33/39, Basu Path
Junagadh 563009",Hyderabad,yakshit83@yahoo.com,3306993337.00
341,Yuvaan Thaker,"H.No. 216, Bhasin Road
Baranagar-302821",Ahmedabad,tarafaiyaz@vohra.com,8194172399.00
342,Hridaan Bhagat,"92/03
Kade Nagar, Warangal-151937",Mumbai,aarna86@gmail.com,914645179174.00
343,Yakshit Som,"60
Yadav Path
Suryapet-792369",Jaipur,zkhanna@bava.org,6230198977.00
344,Sara Issac,"34/353, Srinivas Street, Chinsurah-862487",Hyderabad,trisha09@hotmail.com,3427924179.00
345,Anika Amble,"83/74, Krish Ganj
Bathinda-409005",Kolkata,basujiya@yahoo.com,919823630961.00
346,Kanav Golla,"71/371, Aggarwal Road
Korba-025622",Surat,inaaya-11@chhabra.com,916118811358.00
347,Mehul Sanghvi,"675
Wason Ganj, Bally 571518",Jaipur,aniruddhdugal@gmail.com,1868359097.00
348,Divij Rajan,"H.No. 76, Sant Ganj
Asansol 394288",Ahmedabad,myrabir@bhat.com,911711122318.00
349,Vivaan Yogi,"55/78, Subramanian
Udaipur-982015",Kolkata,nitaracheema@hotmail.com,1494723237.00
350,Miraan Hegde,"88/025
Hari Zila, Nangloi Jat 832803",Pune,damini36@bala.com,7314878347.00
351,Nakul Bandi,"085
Kata Nagar, Danapur 118213",Pune,anvichandra@deol.com,3320907725.00
352,Sahil Rau,"914, Loyal Zila, Tadipatri 421248",Surat,indrajit61@gmail.com,6597798175.00
353,Devansh Bava,"25/206
Ganesh Chowk
Bettiah-106795",Mumbai,sahil42@verma.org,169016872.00
354,Jiya Yadav,"39
Baria Road, Jamshedpur-958967",Bengaluru,khatrianahi@hotmail.com,917711627363.00
355,Eva Dutt,"87/68
Mani Street
Gurgaon 274972",Bengaluru,chanadiya@trivedi-balay.com,917269841327.00
356,Emir Dewan,"611, Dalal Nagar
Noida 279719",Jaipur,balasubramaniangokul@gmail.com,7689460579.00
357,Divit Datta,"62/153, Gupta Circle, Kulti-883353",Kolkata,saksham32@ben.com,910748290580.00
358,Armaan Chacko,"H.No. 125, Bhatia Ganj, Alappuzha-547408",Delhi,kismatbir@hotmail.com,5986664186.00
359,Divyansh Sodhi,"29, Hegde Nagar, Munger 627862",Mumbai,saxenafateh@vasa.net,5821567103.00
360,Zoya Kant,"84, Hayre Marg
Amravati-298727",Hyderabad,vritikabrar@hotmail.com,1539345892.00
361,Umang Bedi,"H.No. 13, Kala Road, Ambala-655677",Surat,riaandar@yahoo.com,9603452439.00
362,Armaan Arora,"H.No. 89, Sur Road
Morena-285124",Chennai,dattanishith@chatterjee-dhingra.com,916562435074.00
363,Oorja Srinivas,"H.No. 95, Sidhu, Pondicherry 721096",Ahmedabad,chauhanalisha@gmail.com,916815349224.00
364,Vanya Ganesh,"142, Dada Ganj
Ulhasnagar 880922",Delhi,dinraunak@gmail.com,6818267946.00
365,Lakshay Seth,"23, Varghese Zila
Akola-585251",Chennai,miraya56@yahoo.com,1910665074.00
366,Diya Kashyap,"H.No. 067, Loke Ganj
Shimla-147564",Delhi,shalvbala@venkatesh.com,916433465937.00
367,Samiha Goda,"96, Sinha Circle, Tirupati-934461",Surat,divyanshhari@ganesan-seth.com,6142919785.00
368,Miraya Shanker,"97/277
Master Ganj
Aligarh 524852",Bengaluru,raniadixit@rajan.com,5889995737.00
369,Adah Varma,"258
Swamy Nagar
Guna 221588",Jaipur,pranay81@anne.com,5345483936.00
370,Amira Shere,"90/75
Bhasin Circle, Muzaffarnagar-508694",Mumbai,jainakarsh@wable.com,914165951375.00
371,Hiran Rama,"28/03
Mannan, Ramagundam 229297",Bengaluru,trishabhat@gmail.com,2604810789.00
372,Vihaan Thakur,"H.No. 939
Khosla, Thoothukudi-993419",Surat,krishsachdeva@kulkarni-mane.com,8311717915.00
373,Ela Amble,"403
Kannan Street
Jaunpur 057924",Pune,ivan45@yahoo.com,4235831560.00
374,Anaya Barman,"949, Din Ganj, Kumbakonam-922887",Pune,elakshi46@hotmail.com,6846073756.00
375,Ela Ratti,"19, Hora Circle, Bhagalpur-349757",Delhi,balaytanya@sagar-sidhu.biz,3110538591.00
376,Suhana Srivastava,"89/81
Tak, Bidhannagar-275089",Bengaluru,baralumang@gmail.com,955633596.00
377,Damini Bhalla,"28/191
Shetty Path
Ludhiana 491485",Bengaluru,madhavsagar@joshi.com,541367011.00
378,Kiara Bal,"55/68, Bassi Zila, Erode 509265",Chennai,gcomar@gmail.com,910143746798.00
379,Nakul Balan,"19, Ahluwalia Path
Patiala 068687",Chennai,shanaya50@ratti.com,7840507219.00
380,Jivin Lad,"H.No. 053
Dora Zila, Farrukhabad 080747",Ahmedabad,dlanka@hotmail.com,5734751392.00
381,Divyansh Bhavsar,"34
Rajagopal, Latur 870827",Bengaluru,zdey@garg.com,8542828457.00
382,Vidur Solanki,"H.No. 56
Bhat Circle, Vellore-201889",Hyderabad,devanshtalwar@mandal.info,911994538174.00
383,Badal Thaker,"H.No. 202
Shenoy Zila, Pondicherry-995381",Hyderabad,ehsaanluthra@wali-ghosh.net,3591990872.00
384,Samiha Devi,"H.No. 17, Devan Chowk
Hazaribagh 603463",Kolkata,hunarbora@hotmail.com,9050764693.00
385,Prerak Deep,"26
Varkey Nagar, Sultan Pur Majra-029946",Delhi,jshetty@contractor.com,914482147212.00
386,Vaibhav Chhabra,"963
Kapadia, Berhampore-571971",Bengaluru,aayushdhawan@mane.com,4241560653.00
387,Parinaaz Dewan,"H.No. 383, Wadhwa Nagar
Meerut 908657",Delhi,issacyashvi@chaudhari.com,8779834276.00
388,Bhavin Bava,"44/46
Krishnamurthy Street
Jorhat 476211",Pune,danianahi@ramakrishnan-kannan.com,8243271882.00
389,Madhav Dass,"H.No. 171
Choudhary, Hospet 220948",Hyderabad,tarasankar@bhatti.com,2701550573.00
390,Vidur Shukla,"52/22
Kaur Street
Karaikudi-708677",Surat,voralavanya@hotmail.com,7022666282.00
391,Anya Biswas,"65, Sastry
Serampore-175295",Chennai,zdeol@dube.org,6482828766.00
392,Myra Borra,"84/38, Acharya
Nizamabad 386072",Hyderabad,mangatbadal@gmail.com,6269480993.00
393,Kashvi Batra,"92, Shanker Zila
Ahmednagar-203415",Hyderabad,tkrishna@sundaram.com,917007187199.00
394,Oorja Ramachandran,"83, Gera Circle
Nagpur-223272",Chennai,tarandhawan@samra.com,3154672680.00
395,Ranbir Sule,"H.No. 96
Kamdar, Ahmednagar-089925",Chennai,crana@sabharwal.biz,911029069601.00
396,Aaryahi Talwar,"51/33
Chandran Marg, Khandwa-966267",Pune,daliaromil@sibal.com,5111052654.00
397,Hansh Arora,"H.No. 890, Hans
Bilaspur 412201",Kolkata,kluthra@grewal-lad.com,915700191051.00
398,Ranbir Bail,"74/25
Ramakrishnan Nagar
Ahmedabad 976407",Kolkata,khatrimiraan@manne.biz,1843615175.00
399,Vivaan Swaminathan,"133, Sengupta Road, Bikaner 338055",Hyderabad,sumermagar@gmail.com,3148745733.00
400,Jayant Korpal,"46/411, Deo Zila, Berhampur-049380",Kolkata,sahil58@hotmail.com,912775611603.00
401,Zain Tailor,"32, Sem Marg, Navi Mumbai 758616",Jaipur,priyansh06@kumar.com,119393903.00
402,Hazel Ben,"01, Dyal Zila, Guna-099802",Chennai,shray12@gade.biz,918807230634.00
403,Indrans Dugar,"81
Bahl Marg, Katni 094133",Mumbai,keya70@yahoo.com,2592377154.00
404,Mishti Khatri,"25/13
Ramaswamy Road
Gorakhpur-658340",Surat,reyanshsubramaniam@gera.com,1087853375.00
405,Abram Kakar,"H.No. 54, Tella Road, Sambhal-371203",Hyderabad,khareinaaya@rana-sarma.biz,918010476613.00
406,Navya Joshi,"H.No. 63, Banik Chowk, Warangal-768349",Mumbai,bireshani@gmail.com,5572661151.00
407,Kaira Raman,"12
Mander Road
Dewas-578259",Mumbai,dhanush62@hotmail.com,1013273403.00
408,Mishti Dora,"44/44, Srinivasan Path, Guwahati-937553",Ahmedabad,wganesh@gmail.com,8178870056.00
409,Lagan Divan,"H.No. 88
Sankaran Marg
Malegaon 830668",Jaipur,ivarty@sundaram-venkatesh.com,9635050031.00
410,Purab Bakshi,"53/105, Sachdeva Nagar
Agartala 406491",Chennai,adirawarrior@hotmail.com,410275972.00
411,Amani Anand,"126, Deshpande Path
Srikakulam 779120",Kolkata,baralabram@shah.com,5988539216.00
412,Mehul Sur,"410, Bali
Baranagar 019740",Bengaluru,ishaan53@gmail.com,5243226091.00
413,Renee Dave,"47/771, D’Alia, Warangal-993140",Ahmedabad,siya10@bakshi-dugar.biz,2061282399.00
414,Zeeshan Cherian,"30
Hayer Marg
Ozhukarai 075484",Ahmedabad,aarnade@gmail.com,911246775764.00
415,Madhav Khalsa,"60/687, Konda Circle
Bangalore-331146",Ahmedabad,kismatsagar@varma-badal.com,5744189002.00
416,Tejas Bumb,"27
Malhotra Path
Alappuzha-702421",Kolkata,fseth@venkataraman-rout.com,8110222566.00
417,Hunar Chacko,"H.No. 189, Lall Nagar, Erode-121989",Chennai,aaryahikhatri@sankaran.info,737738573.00
418,Anay Kurian,"05, Setty Nagar, Narasaraopet-932416",Pune,riyachad@wable.net,419911307.00
419,Myra Goyal,"H.No. 330
Bhalla Ganj, Dehradun 062164",Bengaluru,dthakkar@gmail.com,7950607666.00
420,Aaina Bhatti,"28/93, Setty Zila, Amroha-941310",Kolkata,tarini77@bakshi.com,6038652273.00
421,Anaya Deol,"607, Dhillon Circle
Secunderabad-708588",Hyderabad,tkara@yahoo.com,4163512500.00
422,Samarth Bhatti,"192, Keer Street, Alappuzha 106910",Hyderabad,rray@hotmail.com,919504627857.00
423,Advik Lad,"08/364, Chhabra Street, Begusarai 698044",Jaipur,krish17@hotmail.com,917819153461.00
424,Umang Vyas,"702, Chhabra Circle
Khora -864582",Delhi,kalaindrans@hotmail.com,915381677018.00
425,Drishya Karan,"63/58, Warrior Marg
Bardhaman-125966",Mumbai,ladaarna@hotmail.com,479351091.00
426,Jhanvi Chandra,"12/921
Magar Zila, Sambalpur 469493",Bengaluru,lsharaf@yahoo.com,913857981677.00
427,Amani Varma,"H.No. 11
Krish Chowk
Saharanpur 858111",Delhi,kashvirama@maharaj.com,916845867752.00
428,Himmat Vohra,"936, Sane
Kanpur-347728",Delhi,fsabharwal@sagar.com,710645613.00
429,Indranil Saini,"40/81
Yohannan Nagar, Thiruvananthapuram 947722",Ahmedabad,yuvraj-konda@hotmail.com,1882036623.00
430,Tiya Bali,"H.No. 264
Sahota Circle, Ramgarh-337643",Hyderabad,yasmin56@yahoo.com,4067225824.00
431,Elakshi Bahl,"78/024, Garg Circle
Shimla 682609",Mumbai,hhalder@gmail.com,911283131870.00
432,Shayak Bath,"H.No. 75, Gokhale Ganj, Ramagundam-956421",Delhi,ngera@hotmail.com,2418826064.00
433,Advika Dutt,"42
Char Chowk
Coimbatore 918531",Ahmedabad,aayushsubramanian@yahoo.com,7978877509.00
434,Pari Kala,"28, Kale Nagar, Naihati 109827",Hyderabad,vanyadeshmukh@shukla.com,752087496.00
435,Jivin Baria,"74/432
Garde Marg, Navi Mumbai 586142",Jaipur,trisha65@sur-dara.com,5491129346.00
436,Arnav Wali,"24, Viswanathan Zila, Ongole-325254",Delhi,heer39@sehgal-arya.com,4721095154.00
437,Reyansh Srivastava,"89/39, De Path, Meerut-046579",Pune,reyansh08@gmail.com,6983429366.00
438,Gokul Vasa,"074
Barad Zila, Kadapa-808023",Delhi,odhawan@gmail.com,8840999481.00
439,Vardaniya Devan,"H.No. 310
Varma Marg, Bihar Sharif-262173",Surat,pranay49@hotmail.com,1763301181.00
440,Navya Bhatia,"33/48, Baral Nagar, Darbhanga-331926",Chennai,xkorpal@gmail.com,9149120229.00
441,Prisha Singh,"62
Shroff Path
Parbhani-727036",Chennai,slanka@deo.org,918401962888.00
442,Aniruddh Samra,"36/45
Bhargava Zila
Anand 544252",Delhi,ibir@halder.com,929694240.00
443,Samiha Das,"59/554
Sekhon Chowk
Nagaon-579620",Delhi,yashvikuruvilla@gmail.com,910257278529.00
444,Eva Sarna,"920, Wason Nagar
Jaipur-924308",Hyderabad,basakkashvi@gmail.com,4035429076.00
445,Baiju Manda,"228
Bora Marg, Salem 704689",Delhi,brao@gmail.com,916496706895.00
446,Adah Edwin,"67/889
Ganguly Chowk, Adoni 722001",Hyderabad,mchadha@yahoo.com,914126171583.00
447,Rasha Dugal,"11/15
Kalla Road
Khora -458420",Mumbai,charvi61@gmail.com,9936731891.00
448,Yasmin Shroff,"25/90, Gole Road
Nagpur 310689",Chennai,wshroff@sahni-ramanathan.info,6643225330.00
449,Seher Chaudhry,"64/79
Wali Street, Rajahmundry-963883",Jaipur,urvi42@uppal.com,6312198407.00
450,Badal Gokhale,"02
Venkataraman Nagar
Siwan 445841",Chennai,daminitalwar@yahoo.com,6263287767.00
451,Stuvan Gokhale,"H.No. 23
Keer Road
Bhiwandi-436409",Hyderabad,zarabhatt@sarraf.net,5698005139.00
452,Samar Badal,"84/205
Zacharia Chowk
Ujjain-479460",Hyderabad,lavanyamandal@yahoo.com,5863402441.00
453,Dhanush Thakkar,"H.No. 93, Joshi Chowk, Latur-008293",Delhi,misha19@yahoo.com,917221014680.00
454,Tara Khurana,"21
Jani Circle
Bathinda 103442",Mumbai,ayeshasant@yahoo.com,911596248566.00
455,Khushi Sharma,"942, Sarkar Marg, Kumbakonam 697356",Mumbai,yuvraj-rastogi@bal.com,5260756814.00
456,Shray Sahni,"H.No. 023
Kar Zila, Darbhanga-487663",Chennai,nakul48@gmail.com,5717028104.00
457,Elakshi Biswas,"H.No. 82, Sur Ganj, Kanpur 295731",Kolkata,nityasami@yahoo.com,2584007564.00
458,Renee Grewal,"H.No. 734, Anand Chowk
Raipur-272623",Pune,tellaira@chawla.info,4102206369.00
459,Drishya Sankaran,"236, Ramachandran Circle
Gurgaon-429598",Jaipur,atwalfaiyaz@yahoo.com,5463669450.00
460,Ojas Garg,"H.No. 546
Borde Street
Hubli–Dharwad 014178",Jaipur,shettydivyansh@gmail.com,5427909729.00
461,Ryan Singhal,"H.No. 04, Rajan Marg, Ramagundam-661333",Jaipur,hanshshan@gmail.com,5013130131.00
462,Mannat Seth,"17/407
Dugal Marg
Kozhikode 557308",Bengaluru,diya48@mangal-mandal.net,1880198671.00
463,Diya Doshi,"03/626
Chopra Path, Guntakal 781791",Hyderabad,kamdarayesha@sane.com,5263343412.00
464,Ayesha Thakur,"00, Dutta Chowk, Ballia 398246",Mumbai,ratigoda@yahoo.com,8636612731.00
465,Arnav Dada,"605
Bedi Road
Sagar 745690",Delhi,shaan71@bawa.com,919595518244.00
466,Dishani Maharaj,"58/86
Aggarwal
Aurangabad 737852",Bengaluru,rattamadhup@yahoo.com,3895005519.00
467,Sara Doshi,"65/434
Acharya Chowk
Anantapuram 336150",Bengaluru,sahakabir@barad.info,7286511179.00
468,Himmat Choudhary,"68/353
Rajan Path, Jalandhar-133773",Chennai,xkade@kalita.com,7144780964.00
469,Gatik Korpal,"H.No. 11
Bakshi Nagar, Dhule 497139",Ahmedabad,jmallick@viswanathan-kala.com,6830668175.00
470,Vihaan Savant,"48
Dua Marg, Jhansi 093121",Chennai,lakshayravi@hotmail.com,9337876976.00
471,Misha Toor,"95
Guha Marg
Jalna 539092",Mumbai,ashah@bali.biz,6133634457.00
472,Saanvi Hari,"92/741
Kannan Street
Jalna 615046",Pune,indranilsane@sheth.info,1058691355.00
473,Charvi Agrawal,"528, Rana Circle
Akola-478444",Pune,xkumar@krishnan.com,1465771151.00
474,Azad Zacharia,"99/38, Gupta
Raipur-352444",Chennai,shettyalia@chana.com,4094634595.00
475,Dhanush Ram,"544
Ravi Chowk, Phagwara-878228",Surat,dharmajanmaster@gmail.com,919088054563.00
476,Siya Brahmbhatt,"H.No. 376, Ravel, Pune-415391",Delhi,indrajitdutt@goel-virk.net,919838632933.00
477,Madhav Bhalla,"H.No. 98
Kapoor Street
Srinagar-971199",Delhi,onkarvarma@de-gupta.com,869368115.00
478,Raghav Wali,"81/563, Goda Road
Mehsana-934244",Hyderabad,baijuchadha@sane.net,1743797589.00
479,Hansh Kibe,"45/539, Hayer Road, Sambhal 059026",Surat,heer81@kashyap-goyal.net,912183256493.00
480,Hiran Mani,"99
Sanghvi Chowk, Mau 376431",Pune,elakshi44@batta-kumar.info,910047194375.00
481,Heer Varghese,"62/06
Choudhury Zila
Rajpur Sonarpur 401606",Bengaluru,ykeer@som.info,919516123183.00
482,Jayesh Varughese,"01/64, Sahota Path
Bharatpur 772007",Bengaluru,daminisuresh@dutt-dhawan.biz,915504605827.00
483,Jhanvi Swamy,"453, Batta Ganj
Burhanpur 739962",Ahmedabad,swamychirag@yahoo.com,918045246576.00
484,Nishith Handa,"25, Choudhary Ganj
Ambala 426508",Delhi,magarbhavin@hotmail.com,2461397540.00
485,Siya Bava,"H.No. 14, Dugal Path, Tinsukia-931672",Bengaluru,anya58@hotmail.com,7690017525.00
486,Kiara Mall,"45/60, Bath Road
Tadipatri 955672",Chennai,nishithdate@gmail.com,6740343525.00
487,Arhaan Date,"21/32, Baral Zila
Nizamabad 041479",Jaipur,bavanayantara@sankar-chadha.com,7243963124.00
488,Mishti Toor,"H.No. 20, Karan Ganj, Pimpri-Chinchwad 360419",Kolkata,sahotabhamini@hotmail.com,8379573288.00
489,Farhan Dhaliwal,"12/350, Golla Street, Nellore-806745",Delhi,anvigala@ramachandran.info,913320534162.00
490,Aarush Kara,"79/55
Rana Ganj, Visakhapatnam 708013",Kolkata,vbassi@baria.info,8917232802.00
491,Diya Boase,"133, Bhatia Marg
Udupi 504583",Kolkata,parinaaz94@hotmail.com,3400801435.00
492,Urvi Brar,"81
Mangat Path
Davanagere-946929",Chennai,ira38@salvi.biz,7398501201.00
493,Vivaan Chaudry,"H.No. 64, Dyal Chowk
Hubli–Dharwad 527123",Bengaluru,hanshdeo@gmail.com,3671114419.00
494,Sumer Wali,"H.No. 09, Tella
Jodhpur 674900",Hyderabad,brahmbhattdishani@ghosh.net,4300007798.00
495,Jayan Bala,"78/615
Chakraborty Circle, Parbhani 182474",Ahmedabad,bgade@yahoo.com,5239909721.00
496,Dhanuk Edwin,"581
Arya, Bahraich-871379",Jaipur,imahajan@yahoo.com,918268580575.00
497,Azad Shan,"78
Sarkar Chowk, Morbi-766648",Kolkata,samairabutala@hotmail.com,915742503380.00
498,Miraya Chaudhary,"12/151
Saha Chowk
Imphal 244932",Jaipur,nbakshi@dara.info,7029099739.00
499,Onkar Ahuja,"H.No. 490
Tak Road, Howrah 920084",Hyderabad,bkar@sodhi.com,9759322359.00
500,Drishya Talwar,"41/90
Datta Ganj, Chinsurah-048152",Bengaluru,ugole@raval.biz,914544389497.00
